<ImportExportXml xmlns:xsi="http://www.w3.org/2001/XMLSchema-instance"><Entities></Entities><Roles></Roles><Workflows></Workflows><FieldSecurityProfiles></FieldSecurityProfiles><Templates /><EntityMaps /><EntityRelationships /><OrganizationSettings /><optionsets /><Dialogs><Dialog><LocalizedNames><LocalizedName description="Example 02" languagecode="1033" /></LocalizedNames><Descriptions><Description description="New Assign Dialog" languagecode="1033" /></Descriptions><FormId>{fe1dd9b2-2849-49b1-ba90-2bacd132f79f}</FormId><UniqueName>pl_example02</UniqueName><IsCustomizable>1</IsCustomizable><IntroducedVersion>1.0.0.0</IntroducedVersion><IsTabletEnabled>1</IsTabletEnabled><CanBeDeleted>1</CanBeDeleted><FormXml><forms type="dialog"><form><formparameters><querystringparameter name="pl_in_name" type="SafeString" /><querystringparameter name="pl_in_id" type="UniqueId" /></formparameters><header id="{65f33750-e406-4b2c-9be4-72add33e962f}"><rows><row><cell id="{31d0ebda-57fc-4330-8880-4684b81fab26}" visible="true" rowspan="1"><labels><label description="Assign Dialog" languagecode="1033" /></labels><control uniqueid="{c4a22cde-727a-4863-9c04-ab1e70694779}" id="pl_header_title" classid="{39354E4A-5015-4D74-8031-EA9EB73A1322}" isunbound="true"><parameters><IsTitle>true</IsTitle></parameters></control></cell></row><row><cell id="{2205b89c-4fd7-4d66-b931-b3e4df25dbc7}" visible="true" rowspan="1"><labels><label description="You have selected {0}" languagecode="1033" /></labels><control uniqueid="{8c7ca344-147c-4681-8e0f-b83fc8141466}" id="pl_header_note" classid="{39354E4A-5015-4D74-8031-EA9EB73A1322}" isunbound="true"><parameters><IsTitle>false</IsTitle></parameters></control></cell></row></rows></header><tabs><tab id="{5494f21c-f577-4adb-9252-a48f63368d04}" name="tab_1" visible="true" expanded="true" verticallayout="true" locklevel="0"><labels><label description="" languagecode="1033" /></labels><tabheader id="{577061e6-6a57-4deb-9ae1-7c4b1921e198}"><rows><row><cell id="{cfb70e0c-5b54-424f-ad82-98a0e4c7a2be}" visible="true" rowspan="1"><labels><label description="To whom would you like to assign it?" languagecode="1033" /></labels><control uniqueid="{322d37b1-326f-4e4c-9e6e-1dd4af5f8155}" id="pl_tab1_tabheader_note" classid="{39354E4A-5015-4D74-8031-EA9EB73A1322}" isunbound="true"><parameters><IsTitle>false</IsTitle></parameters></control></cell></row></rows></tabheader><columns><column width="100%"><sections><section id="{fb903004-f337-4e9f-bd0c-9fe8e1cdc3d6}" name="section_575a8fd1_44f9_414f_b9b6_1e3509a21f6c" labelwidth="115" showlabel="false" visible="true" celllabelalignment="Left" celllabelposition="Left"><labels><label description="" languagecode="1033" /></labels><rows><row><cell id="{3003e48a-be2b-4518-bd75-faee390be041}" visible="true"><labels><label description="Assign To" languagecode="1033" /></labels><control uniqueid="{7d9d81cb-f1f4-4129-af9b-68cc2ded98a5}" id="pl_optionset_assignto" classid="{3EF39988-22BB-4F0B-BBBE-64B5A3748AEE}" isrequired="false" disabled="false" isunbound="true"><parameters><OptionSetId>{00000000-0000-0000-0000-000000000000}</OptionSetId><DefaultValue>50000</DefaultValue></parameters></control></cell></row></rows></section></sections></column></columns><tabfooter id="{455b8d9e-82b3-4bf9-b8be-74c25a77e4ec}"><rows><row><cell id="{a03e6129-71c1-4b81-a6b4-d70355b68bdb}" visible="true"><labels><label description="Next" languagecode="1033" /></labels><control uniqueid="{4d3656ac-85a9-439b-81ae-a6694e11d3f9}" id="pl_button_tab1_next" classid="{00AD73DA-BD4D-49C6-88A8-2F4F4CAD4A20}" disabled="false" isunbound="true" /></cell><cell id="{350efc4e-98ef-4a5a-92ff-0c59ad80ae66}" visible="true"><labels><label description="Cancel" languagecode="1033" /></labels><control uniqueid="{58eadb0d-8dda-4911-8a39-0a94577f2287}" id="pl_button_tab1_cancel" classid="{00AD73DA-BD4D-49C6-88A8-2F4F4CAD4A20}" disabled="false" isunbound="true" /></cell></row></rows></tabfooter></tab><tab id="{e4fad68d-96fc-40a0-bdcc-fcd994c556cf}" name="tab_2" visible="true" expanded="true" verticallayout="true" locklevel="0"><labels><label description="" languagecode="1033" /></labels><tabheader id="{19274532-92d1-4b8f-b7a8-e04497277a9f}"><rows><row><cell id="{0e67c0d2-1c30-4fda-8b7a-37cee59c1101}" visible="true" rowspan="1"><labels><label description="Please select {0}" languagecode="1033" /></labels><control uniqueid="{a06f7442-2dcb-40e1-bd7d-abb45708bef9}" id="pl_tab2_tabheader_note" classid="{39354E4A-5015-4D74-8031-EA9EB73A1322}" isunbound="true"><parameters><IsTitle>false</IsTitle></parameters></control></cell></row></rows></tabheader><columns><column width="100%"><sections><section id="{28e95968-326e-4841-b422-85ccfe54b1aa}" name="section_39618bd7_8645_4d3b_9843_4f7ec7bcfd86" labelwidth="115" showlabel="false" visible="true" celllabelalignment="Left" celllabelposition="Left"><labels><label description="" languagecode="1033" /></labels><rows><row><cell id="{f0d44a12-e39f-4f71-83eb-1356424e2309}" visible="true"><labels><label description="User" languagecode="1033" /></labels><control uniqueid="{209378c5-e471-4c48-8b76-29955241a0e1}" id="pl_lookup_user" classid="{270BD3DB-D9AF-4782-9025-509E298DEC0A}" isrequired="false" disabled="false" isunbound="true"><parameters><TargetEntities><TargetEntity><DefaultViewId>{E88CA999-0B16-4AE9-B6A9-9EDC840D42D8}</DefaultViewId><EntityLogicalName>systemuser</EntityLogicalName></TargetEntity></TargetEntities></parameters></control></cell></row><row><cell id="{c1d8ddbb-33bd-493f-96a4-ea28675ce2a6}" visible="false"><labels><label description="Team" languagecode="1033" /></labels><control uniqueid="{255262db-d358-4e4a-bc36-cc4b881b33a3}" id="pl_lookup_team" classid="{270BD3DB-D9AF-4782-9025-509E298DEC0A}" isrequired="false" disabled="false" isunbound="true"><parameters><TargetEntities><TargetEntity><DefaultViewId>{57E39843-404C-48E5-B1D9-1889098FB65C}</DefaultViewId><EntityLogicalName>team</EntityLogicalName></TargetEntity></TargetEntities></parameters></control></cell></row></rows></section></sections></column></columns><tabfooter id="{7f53624a-f847-407f-bf71-cebe8f28cce3}"><rows><row><cell id="{6354458d-3ae6-4755-bb72-080ec5316cc6}" visible="true"><labels><label description="Previous" languagecode="1033" /></labels><control uniqueid="{9dcc381f-a9d4-4ba1-b6ae-e13b54d37ea4}" id="pl_button_tab2_previous" classid="{00AD73DA-BD4D-49C6-88A8-2F4F4CAD4A20}" disabled="false" isunbound="true" /></cell><cell id="{1103b8b4-0cd7-4fec-89c1-e1481c82d656}" visible="true"><labels><label description="Cancel" languagecode="1033" /></labels><control uniqueid="{bb81d6ca-8b0a-4c64-a333-e67c03558415}" id="pl_button_tab2_cancel" classid="{00AD73DA-BD4D-49C6-88A8-2F4F4CAD4A20}" disabled="false" isunbound="true" /></cell><cell id="{3b993d13-0428-4432-bc11-ceaa35cd5d5e}" visible="true"><labels><label description="Assign" languagecode="1033" /></labels><control uniqueid="{3abd820c-9ce0-4153-bf11-f5704d20378c}" id="pl_button_tab2_assign" classid="{00AD73DA-BD4D-49C6-88A8-2F4F4CAD4A20}" disabled="false" isunbound="true" /></cell></row></rows></tabfooter></tab></tabs><events><event name="onload" application="false" active="false" ><Handlers><Handler functionName="example02.OnLoad" libraryName="$webresource:pl_/examples/example02.js" handlerUniqueId="{e7b0f678-8447-4b66-b339-9e47b716b679}" enabled="true" parameters="" passExecutionContext="true" /></Handlers></event><event name="onchange" application="false" active="false" attribute="pl_optionset_assignto"><Handlers><Handler functionName="example02.AssignToOnChange" libraryName="$webresource:pl_/examples/example02.js" handlerUniqueId="{008363cd-4131-4b7a-b71b-cd409e458ca5}" enabled="true" parameters="" passExecutionContext="true" /></Handlers></event><event name="onclick" application="false" active="false" attribute="pl_button_tab1_next"><Handlers><Handler functionName="example02.MoveToClick" libraryName="$webresource:pl_/examples/example02.js" handlerUniqueId="{b7e80a96-6761-4109-9338-ffa0677c163c}" enabled="true" parameters="'tab_2'" passExecutionContext="true" /></Handlers></event><event name="onclick" application="false" active="false" attribute="pl_button_tab1_cancel"><Handlers><Handler functionName="example02.OnCancelClick" libraryName="$webresource:pl_/examples/example02.js" handlerUniqueId="{7335a946-b4c2-4a4f-9c02-a86a8332d1f5}" enabled="true" parameters="'tab_1'" passExecutionContext="true" /></Handlers></event><event name="onclick" application="false" active="false" attribute="pl_button_tab2_previous"><Handlers><Handler functionName="example02.MoveToClick" libraryName="$webresource:pl_/examples/example02.js" handlerUniqueId="{17181d47-769f-45ba-ab8d-954564baa827}" enabled="true" parameters="'tab_1'" passExecutionContext="true" /></Handlers></event><event name="onclick" application="false" active="false" attribute="pl_button_tab2_cancel"><Handlers><Handler functionName="example02.OnCancelClick" libraryName="$webresource:pl_/examples/example02.js" handlerUniqueId="{140c3728-e930-4e34-8fb9-4b732c8a6fad}" enabled="true" parameters="'tab_2'" passExecutionContext="true" /></Handlers></event><event name="onclick" application="false" active="false" attribute="pl_button_tab2_assign"><Handlers><Handler functionName="example02.OnAssignToClick" libraryName="$webresource:pl_/examples/example02.js" handlerUniqueId="{012672b9-8071-4d0e-a568-2f8a7bc40ba3}" enabled="true" parameters="" passExecutionContext="true" /></Handlers></event></events><clientresources><internalresources><clientincludes><internaljscriptfile src="$webresource:pl_/lib/WebApiClient.min.js" /></clientincludes></internalresources></clientresources><controlDescriptions><controlDescription forControl="{7d9d81cb-f1f4-4129-af9b-68cc2ded98a5}"><customControl formFactor="0" name="MscrmControls.OptionSet.OptionSetControl"><parameters><value type="OptionSet">pl_optionset_assignto</value></parameters></customControl><customControl formFactor="1" name="MscrmControls.OptionSet.OptionSetControl"><parameters><value type="OptionSet">pl_optionset_assignto</value></parameters></customControl><customControl formFactor="2" name="MscrmControls.OptionSet.OptionSetControl"><parameters><value type="OptionSet">pl_optionset_assignto</value></parameters></customControl></controlDescription></controlDescriptions></form></forms></FormXml></Dialog></Dialogs><CustomControls /><EntityDataProviders /><Languages><Language>1033</Language></Languages></ImportExportXml>