<ImportExportXml xmlns:xsi="http://www.w3.org/2001/XMLSchema-instance"><Entities></Entities><Roles></Roles><Workflows></Workflows><FieldSecurityProfiles></FieldSecurityProfiles><Templates /><EntityMaps /><EntityRelationships /><OrganizationSettings /><optionsets /><Dialogs><Dialog><LocalizedNames><LocalizedName description="Example 01" languagecode="1033" /></LocalizedNames><Descriptions><Description description="Find User Id" languagecode="1033" /></Descriptions><FormId>{5e152813-ba1d-4baa-b075-c92e8e4dfe03}</FormId><UniqueName>pl_example01</UniqueName><IsCustomizable>1</IsCustomizable><IntroducedVersion>1.0.0.0</IntroducedVersion><IsTabletEnabled>1</IsTabletEnabled><CanBeDeleted>1</CanBeDeleted><FormXml><forms type="dialog"><form><formparameters><querystringparameter name="pl_in_username" type="SafeString" /><querystringparameter name="pl_out_userid" type="SafeString" /></formparameters><header id="{618d1ed2-1331-4be4-8b34-997357a66552}"><rows><row><cell id="{4578bbdb-465a-4e58-a817-72a5478e793d}" visible="true" rowspan="1"><labels><label description="FIND USER ID" languagecode="1033" /></labels><control uniqueid="{4b3f6af9-fc87-4f57-bd4a-90421f9d2def}" id="pl_label_header" classid="{39354E4A-5015-4D74-8031-EA9EB73A1322}" isunbound="true"><parameters><IsTitle>true</IsTitle></parameters></control></cell></row><row><cell id="{c8db66b5-3881-4af8-bf35-1b92c8e1a875}" visible="true" rowspan="1"><labels><label description="Provide your User Name and we find your User Id (GUID)" languagecode="1033" /></labels><control uniqueid="{a3221b3b-009d-4356-9d4c-5907f5813dd9}" id="pl_label_header_description" classid="{39354E4A-5015-4D74-8031-EA9EB73A1322}" isunbound="true"><parameters><IsTitle>false</IsTitle></parameters></control></cell></row></rows></header><tabs><tab id="{e5ef78ee-f39c-4892-a9ba-e39058109b48}" name="tab_35f76bc6_94fa_4e2a_9877_59eef45f6134" visible="true" expanded="true" verticallayout="true" locklevel="0"><labels><label description="" languagecode="1033" /></labels><columns><column width="100%"><sections><section id="{c92a1da9-2175-4804-9221-9480373a3dbc}" name="section_1be6841e_eaad_4ace_bc51_974ab062d680" labelwidth="115" showlabel="false" visible="true" celllabelalignment="Left" celllabelposition="Left"><labels><label description="" languagecode="1033" /></labels><rows><row><cell id="{4680ffd7-5b64-43aa-8f9d-84c3976fff2e}" visible="true"><labels><label description="User Name" languagecode="1033" /></labels><control uniqueid="{fffd88d9-3100-4b64-bb01-8dcd1c9784eb}" id="pl_txt_username" classid="{4273EDBD-AC1D-40D3-9FB2-095C621B552D}" isrequired="true" disabled="false" isunbound="true"><parameters><MaxLength>100</MaxLength><Format>SingleLineOfText</Format></parameters></control></cell></row><row><cell id="{8f63f2eb-f5f4-4853-a149-c70589708aa5}" visible="true"><labels><label description="User Id" languagecode="1033" /></labels><control uniqueid="{73fdd8b0-f25b-4380-b702-d40c6cd38da3}" id="pl_txt_userid" classid="{4273EDBD-AC1D-40D3-9FB2-095C621B552D}" isrequired="false" disabled="true" isunbound="true"><parameters><MaxLength>36</MaxLength><Format>SingleLineOfText</Format></parameters></control></cell></row></rows></section></sections></column></columns></tab></tabs><footer id="{08807d8c-76a3-45ab-9beb-4520214fdc8b}"><rows><row><cell id="{28f6b8f5-ea7a-444f-990d-6906e4d21148}" visible="true"><labels><label description="Find" languagecode="1033" /></labels><control uniqueid="{031e6845-a32b-4609-ae4f-d8300a3d3744}" id="pl_button_find" classid="{00AD73DA-BD4D-49C6-88A8-2F4F4CAD4A20}" disabled="false" isunbound="true" /></cell><cell id="{f569b35c-2ea8-423b-a978-2b8f8749e521}" visible="true"><labels><label description="Close" languagecode="1033" /></labels><control uniqueid="{0e4901dd-b1b5-496a-bad1-2425363e2af3}" id="pl_button_close" classid="{00AD73DA-BD4D-49C6-88A8-2F4F4CAD4A20}" disabled="false" isunbound="true" /></cell></row></rows></footer><events><event name="onload" application="false" active="false" ><Handlers><Handler functionName="example01.OnLoad" libraryName="$webresource:pl_/examples/example01.js" handlerUniqueId="{7545871c-cd96-4bbe-8fb3-51e9139b03d1}" enabled="true" parameters="" passExecutionContext="true" /></Handlers></event><event name="onclick" application="false" active="false" attribute="pl_button_find"><Handlers><Handler functionName="example01.OnFindClick" libraryName="$webresource:pl_/examples/example01.js" handlerUniqueId="{13988593-2937-479a-bafa-ca7f9fe4c950}" enabled="true" parameters="" passExecutionContext="true" /></Handlers></event><event name="onclick" application="false" active="false" attribute="pl_button_close"><Handlers><Handler functionName="example01.OnCloseClick" libraryName="$webresource:pl_/examples/example01.js" handlerUniqueId="{223dca6e-7b5e-424e-a9f4-707cfd3c5367}" enabled="true" parameters="" passExecutionContext="true" /></Handlers></event></events></form></forms></FormXml></Dialog></Dialogs><CustomControls /><EntityDataProviders /><Languages><Language>1033</Language></Languages></ImportExportXml>